YEAR,ABBV,ABM,ABT,ACU,ADBE,ADM,ADP,ADSK,ADTN,AEE,AEP,AES,AFL,AIG,AIZ,AKAM,ALK,AMAT,AMD,AMGN,AMP,AMT,ANET,ANF,APD,APH,AVA,AVB,AVNW,AVT,AVY,AWK,AXL,AXP,AXTA,BAH,BDX,BEN,BGC,BIIB,BMY,BSX,BWA,CAG,CASS,CBT,CCK,CEG,CHD,CHRW,CINF,CLF,CMS,CNP,CNX,COF,COIN,COP,COST,CPB,CRM,CSCO,CSL,CSX,CTSH,CVS,CVX,CWST,CZR,DELL,DGX,DOCU,DOV,DOW,DRI,DTE,DUK,DVA,EBAY,ECL,EMN,EMR,EOG,EQIX,ETN,EXPD,F,FARM,FDX,FITB,FLEX,FLR,FLS,FMC,FNF,FSLR,FUL,GILD,GLW,GME,GNTX,GNW,GSIT,GWW,HAIN,HAL,HASI,HBAN,HBI,HES,HHS,HIG,HNI,HOLX,HON,HPE,HPQ,HRL,HSY,HUBG,HUM,IBM,ICFI,INGR,INTC,INTU,IQV,ITRI,IVZ,JBHT,JBL,JCI,JLL,JNJ,JNPR,JPM,KBH,KEX,KEYS,KHC,KIM,KLAC,KMB,KODK,KOP,KSS,LDOS,LII,LRCX,LUV,LYB,MAS,MCD,MCHP,MCK,MDLZ,MGM,MHK,MIR,MKL,MLNK,MMM,MRVL,MSFT,MTRX,NDAQ,NEM,NKE,NNBR,NTAP,NTGR,NVDA,NWL,ODP,OMC,ORCL,OXY,PCAR,PCG,PFE,PFG,PGR,PMTS,PNW,PPG,PRU,PVH,QCOM,REGN,S,SANM,SBUX,SCHW,SJM,SMA,SNPS,SPWR,STZ,SWK,SYK,TGT,TILE,TJX,TNC,TRMB,TROW,TRV,TTEC,UBER,UNFI,UPS
2010,,,35167.0,42.0,3800.0,,8003.0,1714.0,606.0,7638.0,14427.0,10572.0,20732.0,72829.0,8528.0,1024.0,3832.0,9549.0,6494.0,15053.0,9582.0,1985.0,,,8616.0,3554.0,1559.0,,466.0,19160.0,5953.0,2555.0,2283.0,10432.0,,5123.0,7124.0,5853.0,,4716.0,19484.0,7806.0,,12079.0,,2716.0,7941.0,,2589.0,,3772.0,4484.0,6432.0,8785.0,5236.0,,,59775.0,,7676.0,1306.0,,2528.0,10636.0,4592.0,95778.0,204928.0,,,,7260.0,,6110.0,,7113.0,8525.0,14272.0,,9156.0,6090.0,3862.0,21039.0,6100.0,,13715.0,5968.0,5968.0,450.0,34734.0,3828.0,24111.0,20849.0,4032.0,3116.0,5413.0,2564.0,1257.0,7949.0,6632.0,9078.0,816.0,,68.0,7182.0,890.0,17973.0,,1738.0,3891.0,,821.0,,1623.0,,32350.0,,,7221.0,5671.0,1834.0,33596.0,99870.0,765.0,4367.0,43623.0,3403.0,,2259.0,3488.0,3793.0,13409.0,11020.0,2926.0,61897.0,4093.0,102694.0,1590.0,1110.0,,,827.0,1821.0,19746.0,5993.0,1191.0,17178.0,,2585.0,,12104.0,,7486.0,24075.0,948.0,108702.0,31489.0,6056.0,5319.0,,2225.0,,26662.0,,,551.0,3191.0,9540.0,19014.0,365.0,3931.0,902.0,3326.0,5658.0,11633.0,12543.0,14555.0,19045.0,,13841.0,65165.0,9198.0,,,3189.0,13423.0,38217.0,,10982.0,459.0,459.0,6319.0,10707.0,4248.0,4605.0,,1381.0,,4213.0,3737.0,7320.0,64396.0,860.0,,668.0,1294.0,1185.0,25112.0,1095.0,,3757.0,49545.0
2011,17444.0,,38851.0,49.0,4216.0,,8843.0,1952.0,717.0,7531.0,15116.0,11638.0,22171.0,59812.0,8273.0,1159.0,4318.0,10517.0,6568.0,15582.0,10239.0,2444.0,,3469.0,9674.0,3940.0,1620.0,,452.0,26534.0,6026.0,2666.0,2585.0,10839.0,,5591.0,7584.0,7140.0,,5049.0,21244.0,7622.0,,12386.0,,3102.0,8644.0,,2749.0,,3803.0,6564.0,6503.0,8450.0,6117.0,,,65133.0,,7719.0,1657.0,,3225.0,11743.0,6121.0,107100.0,253706.0,,,,7392.0,,7369.0,,7500.0,8858.0,14529.0,,11652.0,6799.0,4760.0,24222.0,10126.0,,16049.0,6151.0,6151.0,464.0,39304.0,3612.0,28443.0,23381.0,4510.0,3378.0,4840.0,2766.0,1444.0,8385.0,7890.0,9474.0,1024.0,,98.0,8078.0,1109.0,24829.0,,1638.0,4434.0,,812.0,,1833.0,,36529.0,,,7895.0,6081.0,2752.0,36832.0,106916.0,841.0,6219.0,53999.0,3772.0,,2434.0,4092.0,4527.0,16519.0,10557.0,3585.0,61587.0,4449.0,97234.0,1316.0,1850.0,,,861.0,3175.0,20846.0,5148.0,1466.0,18391.0,,2841.0,,15658.0,,7467.0,27006.0,1487.0,112084.0,35810.0,7849.0,5642.0,,2630.0,,29611.0,,,627.0,3430.0,10358.0,20117.0,425.0,5123.0,1181.0,3543.0,5865.0,11490.0,13873.0,35622.0,23939.0,,14956.0,65259.0,8671.0,,,3241.0,14885.0,49030.0,,14957.0,446.0,446.0,6602.0,11700.0,4691.0,3195.0,,1536.0,,4097.0,9436.0,8307.0,66588.0,862.0,,754.0,1644.0,1375.0,25446.0,1179.0,,4530.0,53105.0
2012,18380.0,,39874.0,56.0,4404.0,,9538.0,2216.0,621.0,6828.0,14945.0,12528.0,25364.0,65656.0,8508.0,1374.0,4657.0,8719.0,5422.0,17265.0,10259.0,2876.0,193.0,4158.0,9612.0,4292.0,1547.0,,444.0,25708.0,6036.0,2877.0,2931.0,11323.0,,5859.0,7708.0,7101.0,,5516.0,17621.0,7249.0,,13368.0,,3300.0,8470.0,,2922.0,,4111.0,5873.0,6253.0,7452.0,5430.0,,,59986.0,,7707.0,2267.0,,3629.0,11756.0,7346.0,123133.0,241909.0,,276.0,,7383.0,,8104.0,,7999.0,8791.0,19624.0,,14072.0,11839.0,5354.0,24412.0,11683.0,,16311.0,5981.0,5981.0,495.0,42680.0,3702.0,29343.0,27577.0,4751.0,3748.0,7202.0,3369.0,1886.0,9703.0,8012.0,9551.0,1100.0,,83.0,8950.0,1378.0,28503.0,,1667.0,4526.0,,581.0,,2004.0,,37665.0,,,8231.0,6644.0,3124.0,39126.0,104507.0,937.0,6532.0,53341.0,4151.0,,2178.0,4177.0,5055.0,17152.0,10403.0,3933.0,67224.0,4365.0,97031.0,1560.0,2113.0,,,922.0,3172.0,21063.0,4114.0,1555.0,18804.0,,2949.0,,17088.0,,7745.0,27567.0,1383.0,122734.0,35015.0,9161.0,5788.0,,3000.0,,29904.0,,,739.0,3119.0,9868.0,23331.0,370.0,6233.0,1272.0,3998.0,5903.0,10696.0,14219.0,37121.0,24172.0,,15040.0,58986.0,9215.0,,,3302.0,15200.0,84815.0,,19121.0,1378.0,1378.0,6093.0,13300.0,4883.0,3657.0,,1756.0,,2979.0,10191.0,8657.0,69166.0,932.0,,739.0,2040.0,1512.0,25740.0,1163.0,,5236.0,54127.0
2013,18790.0,4428.0,19657.0,60.0,4055.0,89804.0,8251.0,2312.0,642.0,5838.0,14814.0,11102.0,23939.0,68874.0,9048.0,1578.0,5156.0,7509.0,5299.0,18676.0,11230.0,3361.0,361.0,4511.0,10180.0,4615.0,1442.0,1463.0,471.0,25459.0,6140.0,2879.0,3207.0,11720.0,,5758.0,8054.0,7985.0,,6932.0,16385.0,7143.0,,15491.0,,3456.0,8656.0,,3194.0,12752.0,4531.0,3891.0,6566.0,8106.0,3300.0,15545.0,,56331.0,104013.0,8052.0,3050.0,48607.0,2943.0,12026.0,8843.0,126761.0,228848.0,,247.0,,7146.0,,7155.0,,8552.0,9661.0,22756.0,9362.0,8257.0,13253.0,6173.0,24669.0,14487.0,2153.0,22046.0,6080.0,6080.0,514.0,44287.0,3684.0,23569.0,27352.0,4955.0,3131.0,7440.0,3310.0,2047.0,11202.0,7819.0,8887.0,1172.0,,66.0,9438.0,1735.0,29402.0,,1610.0,4628.0,14028.0,560.0,,2060.0,2492.0,39055.0,57371.0,,8752.0,7146.0,3374.0,41313.0,98367.0,949.0,6328.0,52708.0,3946.0,5100.0,1938.0,4645.0,5585.0,17249.0,10058.0,4462.0,71312.0,4669.0,50272.0,2097.0,2242.0,2888.0,,862.0,2843.0,19561.0,,1478.0,19279.0,,3199.0,3599.0,17699.0,44062.0,6761.0,28106.0,1582.0,122455.0,35299.0,9810.0,7349.0,,4323.0,,30871.0,,77849.0,893.0,3211.0,8414.0,25313.0,373.0,6332.0,1370.0,4280.0,5607.0,11242.0,14585.0,37180.0,20170.0,,15598.0,51584.0,9290.0,,196.0,3455.0,14265.0,41461.0,,24866.0,2105.0,2105.0,5917.0,14867.0,5435.0,3901.0,,1962.0,,3171.0,10890.0,9021.0,72631.0,960.0,,752.0,2164.0,1742.0,26191.0,1193.0,,6064.0,55438.0
2014,19960.0,4650.0,20247.0,71.0,4147.0,81201.0,8911.0,2274.0,630.0,6053.0,16379.0,11942.0,22728.0,64406.0,10382.0,1964.0,5368.0,9072.0,5506.0,20063.0,12296.0,4100.0,584.0,4117.0,10439.0,5346.0,1473.0,1685.0,346.0,27500.0,6235.0,3011.0,3696.0,12137.0,,5479.0,8446.0,8491.0,,9703.0,15879.0,7380.0,,7766.0,,3647.0,9097.0,,3298.0,13470.0,4945.0,3373.0,7179.0,9226.0,3727.0,15271.0,,54021.0,111426.0,8268.0,2796.0,47142.0,3204.0,12669.0,10263.0,139367.0,211970.0,,362.0,,7435.0,,7753.0,,6286.0,12301.0,23925.0,10055.0,8790.0,14281.0,6289.0,24537.0,18035.0,2444.0,22552.0,6565.0,6565.0,528.0,45567.0,3528.0,26109.0,21532.0,4878.0,3259.0,8024.0,3391.0,2104.0,24890.0,9715.0,9040.0,1376.0,,59.0,9965.0,2154.0,32870.0,,1692.0,4976.5,11439.0,499.0,,2141.5,2531.0,40306.0,55123.0,,9316.0,7422.0,3571.0,48500.0,92793.0,1050.0,5668.0,55870.0,4243.0,5460.0,1948.0,5147.0,6165.0,15762.0,10332.0,5430.0,74331.0,4627.0,49192.0,2401.0,2566.0,2933.0,,994.0,2929.0,19724.0,,1555.0,19031.0,,3367.0,4607.0,18605.0,45608.0,7006.0,27441.0,1931.0,137392.0,34244.0,10082.0,7803.0,,5134.0,,31821.0,,86833.0,1263.0,3500.0,7292.0,27799.0,489.0,6325.0,1394.0,4130.0,5727.0,16096.0,15318.0,38275.0,19312.0,,17090.0,49605.0,10478.0,,261.0,3492.0,15360.0,54105.0,8186.0,26487.0,2820.0,2820.0,6215.0,16448.0,6058.0,3714.0,0.0,2057.0,,5411.0,11114.5,9675.0,71279.0,1004.0,,822.0,2288.0,1991.0,27162.0,1242.0,,6794.0,58232.0
2015,22859.0,4898.0,20405.0,73.0,4796.0,67702.0,9433.0,2512.0,600.0,6098.0,16453.0,10438.0,20872.0,58327.0,10325.0,2197.0,5598.0,9659.0,3991.0,21662.0,12200.0,4772.0,838.0,3744.0,9895.0,5569.0,1485.0,1856.0,336.0,27925.0,6330.0,3159.0,3903.0,11977.0,,5275.0,10282.0,7949.0,,10764.0,16560.0,7477.0,,7848.0,,2871.0,8762.0,,3395.0,13476.0,5142.0,2013.0,6456.0,7386.0,3114.0,16083.0,,30250.0,114933.0,8082.0,3702.0,49161.0,3543.0,11811.0,12416.0,153290.0,138477.0,547.0,720.0,54142.0,7493.0,,6956.0,,6764.0,10337.0,23459.0,10772.0,8592.0,13545.0,6344.0,22304.0,8757.0,2726.0,20855.0,6617.0,6617.0,546.0,47453.0,3648.0,26148.0,18114.0,4561.0,3277.0,9132.0,3579.0,2084.0,32639.0,9111.0,9296.0,1544.0,,54.0,9973.0,2689.0,23633.0,,1805.0,5325.0,6561.0,444.0,,2223.0,2705.0,38581.0,52107.0,,9264.0,7387.0,3526.0,54289.0,81741.0,1132.0,5621.0,55355.0,4192.0,5738.0,1884.0,5123.0,6188.0,17899.0,9902.0,5966.0,72202.5,4858.0,48459.0,3032.0,2148.0,2856.0,,1167.0,2814.0,18591.0,,1627.0,19023.0,,3467.0,5259.0,19820.0,32735.0,7142.0,25413.0,2147.0,179045.0,29636.0,9190.0,8072.0,,5370.0,,30274.0,,93580.0,1343.0,3403.0,7729.0,30601.0,667.0,6123.0,1301.0,4682.0,5916.0,14485.0,15134.0,38226.0,12480.0,,16833.0,48851.0,11964.0,,374.0,3495.0,15330.0,57119.0,8241.0,25281.0,4104.0,4104.0,6375.0,19163.0,6380.0,3769.0,18.0,2242.0,,6672.0,11339.0,9946.0,72618.0,1003.0,,812.0,2396.0,2100.0,26800.0,1287.0,,8185.0,58363.0
2016,25638.0,5145.0,20853.0,83.0,5854.0,62346.0,9951.0,2504.0,637.0,6076.0,16380.0,10281.0,22559.0,52367.0,7532.0,2348.0,5925.0,10825.0,4319.0,22991.0,11839.0,5786.0,1129.0,3519.0,7504.0,6286.0,1442.0,1025.0,269.0,16741.0,6087.0,3302.0,3948.0,17169.0,4081.0,5406.0,12483.0,6618.0,1554.0,11449.0,19427.0,8386.0,,7663.0,,2411.0,8284.0,,3493.0,13144.0,5449.0,1467.0,6399.0,7528.0,760.0,17821.0,,24027.0,118719.0,7961.0,4599.0,49247.0,3425.0,11069.0,13487.0,177536.0,112344.0,565.0,900.0,50911.0,7214.0,,6043.0,,6934.0,10630.0,22743.0,10217.0,9298.0,13152.0,9008.0,14522.0,7651.0,3612.0,19747.0,6098.0,6098.0,544.0,50365.0,558.0,24419.0,19037.0,3990.0,2539.0,7257.0,2905.0,2095.0,30390.0,9390.0,9364.0,1679.0,8369.0,53.0,10137.0,2393.0,15887.0,81.0,2196.0,6028.0,4839.0,404.0,16291.0,2203.0,2833.0,39302.0,30280.0,48238.0,9523.0,7440.0,2750.0,27674.0,79919.0,1185.0,5704.0,59387.0,4694.0,6815.0,2013.0,4734.0,6555.0,18353.0,,12991.0,70074.0,4990.0,49928.0,3595.0,1771.0,2918.0,26300.0,1171.0,2984.0,18287.0,,1416.0,19204.0,7043.0,3642.0,5886.0,20289.0,28819.0,7361.0,24622.0,2173.0,190884.0,25923.0,9478.0,8959.0,,5612.0,,30109.0,,91154.0,1312.0,3704.0,6680.0,32376.0,585.0,5546.0,1143.0,5010.0,9181.0,11021.0,15417.0,37047.0,10090.0,17033.0,17666.0,52824.0,12394.0,23441.0,309.0,3499.0,14270.0,58779.0,8020.0,23554.0,4860.0,4860.0,6481.0,21316.0,7478.0,5150.0,45.0,2423.0,,7224.0,11594.0,11325.0,73785.0,1002.0,,809.0,2362.0,4285.0,27625.0,1275.0,,8470.0,61610.0
2017,28216.0,5454.0,27390.0,131.0,7302.0,60828.0,10449.0,2031.0,667.0,6174.0,15425.0,10530.0,21667.0,49520.0,6415.0,2489.0,7894.0,14537.0,5253.0,22849.0,12180.0,6664.0,1646.0,3327.0,8188.0,7011.0,1446.0,1081.0,242.0,17440.0,6614.0,3357.0,6266.0,18176.0,4365.0,5809.0,12093.0,6392.0,1751.0,12274.0,20776.0,9048.0,,7827.0,,2717.0,8698.0,,3776.0,14869.0,5732.0,1755.0,6583.0,9614.0,1455.0,19420.0,,30845.0,129025.0,7890.0,8437.0,48005.0,3751.0,11408.0,14810.0,184776.0,138198.0,599.0,1481.0,62164.0,7402.0,381.0,6821.0,43730.0,7170.0,12607.0,23565.0,10485.0,9927.0,13836.0,9549.0,15264.0,11208.0,4368.0,20404.0,6921.0,6921.0,542.0,60319.0,554.0,23863.0,19521.0,3661.0,2879.0,7663.0,2941.0,2306.0,26107.0,10116.0,7965.0,1795.0,8295.0,48.0,10425.0,2344.0,20620.0,106.0,2794.0,6471.0,5391.0,384.0,17162.0,2176.0,3059.0,40534.0,28871.0,52056.0,9168.0,7515.0,3123.0,27375.0,79139.0,1229.0,5832.0,62761.0,5177.0,9702.0,2018.0,5160.0,7190.0,19063.0,,14453.0,76450.0,5027.0,52206.0,4369.0,2214.0,3189.0,26076.0,1201.0,3480.0,18348.0,1386.0,1476.0,19681.0,10170.0,3840.0,8014.0,21146.0,34095.0,7642.0,22820.0,3408.0,198533.0,25896.0,10797.0,9491.0,,6062.0,,31657.0,,96571.0,1198.0,3948.0,7379.0,34350.0,620.0,5491.0,1039.0,6910.0,9552.0,10240.0,15274.0,37792.0,12508.0,19456.0,17135.0,52546.0,14093.0,26839.0,224.0,3565.0,14748.0,59689.0,8203.0,22291.0,5872.0,5872.0,6869.0,22387.0,8618.0,7392.0,76.0,2725.0,,7686.0,12967.0,12444.0,70271.0,996.0,33184.0,1003.0,2647.0,4855.0,28902.0,1477.0,7932.0,9274.0,66585.0
2018,32753.0,6442.0,30578.0,137.0,9030.0,64341.0,11156.0,2057.0,529.0,6291.0,16196.0,10736.0,21758.0,47389.0,8058.0,2714.0,8264.0,17253.0,6475.0,23747.0,12924.0,7440.0,2151.0,3493.0,8930.0,8202.0,1397.0,1144.0,243.0,19037.0,7159.0,3440.0,7270.0,20378.0,4683.0,6168.0,15983.0,6319.0,1938.0,13453.0,22561.0,9823.0,,7938.0,,3242.0,11151.0,,4146.0,16631.0,5407.0,2252.0,6873.0,10589.0,1730.0,20607.0,,37572.0,141576.0,8685.0,10540.0,49330.0,4480.0,12275.0,16125.0,194249.0,162621.0,661.0,2056.0,79040.0,7531.0,519.0,6992.0,49604.0,8080.0,14212.0,24521.0,11057.0,10746.0,14668.0,10151.0,17408.0,17275.0,5072.0,21609.0,8138.0,8138.0,607.0,65450.0,549.0,25441.0,19167.0,3833.0,4728.0,7594.0,2244.0,3041.0,22127.0,11290.0,8547.0,1834.0,8430.0,43.0,11221.0,2458.0,23995.0,138.0,3102.0,6804.0,6466.0,285.0,18955.0,2258.0,3218.0,41802.0,30852.0,58472.0,9546.0,7791.0,3684.0,29185.0,79591.0,1338.0,5841.0,70848.0,5964.0,10412.0,2376.0,5314.0,8615.0,22095.0,,16318.0,81581.0,4648.0,56402.0,4547.0,2971.0,3878.0,26268.0,1165.0,4037.0,18486.0,1325.0,1710.0,20084.0,10194.0,3884.0,11077.0,21965.0,38565.0,8359.0,21025.0,3981.0,208357.0,25938.0,11763.0,9984.0,,6841.0,,32765.0,,110360.0,1092.0,4277.0,7253.0,36397.0,771.0,5919.0,1059.0,9714.0,8631.0,11015.0,15290.0,39383.0,17824.0,23496.0,16759.0,53647.0,14237.0,31979.0,256.0,3691.0,15374.0,62992.0,8915.0,22732.0,6711.0,6711.0,7110.0,24720.0,10132.0,7357.0,79.0,3121.0,,7951.0,13982.0,13601.0,72714.0,1180.0,35865.0,1124.0,3108.0,5373.0,30282.0,1509.0,11270.0,10227.0,71861.0
2019,33266.0,6499.0,31904.0,142.0,11171.0,64656.0,14110.0,2570.0,530.0,5910.0,15561.0,10189.0,22307.0,49746.0,9569.0,2894.0,8781.0,14608.0,6731.0,23362.0,13103.0,7580.0,2411.0,3590.0,8919.0,8225.0,1346.0,1165.0,244.0,19519.0,7070.0,3610.0,6531.0,22256.0,4482.0,6704.0,17290.0,5669.0,2105.0,14378.0,26145.0,10735.0,10168.0,9538.0,133.0,3337.0,9559.0,,4358.0,15310.0,7924.0,1990.0,6624.0,7564.0,1922.0,21405.0,534.0,34619.0,152703.0,8107.0,13282.0,51904.0,4485.0,11937.0,16783.0,256776.0,143191.0,743.0,2528.0,90621.0,7726.0,701.0,7136.0,42951.0,8510.0,12168.0,25079.0,11388.0,7429.0,12562.0,9273.0,18372.0,17380.0,5562.0,21390.0,7942.0,7942.0,596.0,69693.0,565.0,26211.0,15454.0,3940.0,4610.0,8469.0,3063.0,2897.0,22449.0,11503.0,8285.0,1859.0,7705.0,51.0,11486.0,2105.0,22408.0,142.0,3267.0,6426.0,6510.0,218.0,20740.0,2247.0,3367.0,36709.0,29135.0,58756.0,9497.0,7986.0,3668.0,33164.0,57714.0,1479.0,6209.0,71965.0,6784.0,11088.0,2502.0,6117.0,9165.0,25282.0,,17983.0,82059.0,4445.0,59735.0,4553.0,2838.0,4303.0,24977.0,588.0,4569.0,18475.0,1242.0,1637.0,20229.0,10644.0,3807.0,9654.0,22428.0,34318.0,6707.0,21364.0,5350.0,214319.0,25868.0,12900.0,9971.0,440.0,9526.0,153.0,32136.0,,125843.0,1417.0,4258.0,9740.0,39117.0,490.0,6146.0,999.0,11716.0,9715.0,9667.0,14954.0,39506.0,20911.0,25600.0,17129.0,40905.0,16222.0,39022.0,278.0,3471.0,15146.0,64807.0,9657.0,24273.0,6558.0,6558.0,8234.0,26509.0,10721.0,7838.0,110.0,3361.0,,8500.0,12913.0,14884.0,75356.0,1343.0,38973.0,1138.0,3186.0,5618.0,31581.0,1644.0,13000.0,22341.0,74094.0
2020,45804.0,5988.0,34608.0,164.0,12868.0,64355.0,14590.0,3274.0,507.0,5794.0,14919.0,9660.0,22147.0,43736.0,9596.0,3198.0,3566.0,17202.0,9763.0,25424.0,11958.0,8042.0,2318.0,3623.0,8856.0,8599.0,1322.0,1153.0,239.0,17634.0,7021.0,3777.0,4711.0,18468.0,3738.0,7464.0,17117.0,5567.0,2057.0,13445.0,42518.0,9913.0,10165.0,11054.0,122.0,2614.0,9392.0,,4896.0,16207.0,7536.0,5354.0,6418.0,7418.0,1258.0,20147.0,1277.0,19020.0,166761.0,8691.0,17098.0,49301.0,3970.0,10583.0,16652.0,268706.0,94582.0,775.0,3628.0,84815.0,9437.0,974.0,6684.0,38542.0,7807.0,11423.0,23868.0,11551.0,8894.0,11790.0,8473.0,16785.0,11032.0,5999.0,17858.0,9584.0,9584.0,501.0,69217.0,559.0,24210.0,14158.0,3728.0,4642.0,10778.0,2711.0,2790.0,24689.0,11303.0,6466.0,1688.0,8284.0,43.0,11797.0,2054.0,14445.0,187.0,3027.0,6276.5,4804.0,177.0,20523.0,2101.0,3776.0,32637.0,26982.0,56639.0,9608.0,8150.0,3496.0,39485.0,55179.0,1507.0,5987.0,77867.0,7679.0,11359.0,2173.0,6146.0,9637.0,27266.0,,16590.0,82321.5,4445.0,62347.0,4183.0,2171.0,4221.0,26185.0,535.0,5806.0,19120.0,1029.0,1669.0,19974.0,11094.0,3634.0,10045.0,9048.0,27374.0,7188.0,19208.0,5274.0,231051.0,26581.0,5162.0,9552.0,478.0,9735.0,199.0,32184.0,2699.0,143015.0,1101.0,5625.0,11497.0,37403.0,428.0,5412.0,1255.0,10918.0,9385.0,8872.0,13171.0,39068.0,17809.0,18729.0,18469.0,41651.0,14742.0,42658.0,312.0,3587.0,13834.0,57033.0,9909.0,23531.0,8497.0,8497.0,6960.0,23518.0,11691.0,7801.0,124.0,3685.0,,8728.0,12985.5,14351.0,78112.0,1223.0,41717.0,1001.0,3264.0,6207.0,31981.0,1949.0,11139.0,26559.0,84628.0
2021,56197.0,6229.0,43075.0,182.0,15785.0,85249.0,15005.0,3790.0,563.0,6394.0,16792.0,11141.0,22106.0,52057.0,10188.0,3461.0,6176.0,23063.0,16434.0,25979.0,13443.0,9357.0,2948.0,3125.0,10323.0,10876.0,1439.0,1149.0,275.0,19535.0,6972.0,3930.0,5157.0,20565.0,4416.0,7859.0,20248.0,8426.0,2015.0,10982.0,46385.0,11888.0,14838.0,11185.0,131.0,3409.0,11394.0,,5190.0,23102.0,9630.0,20444.0,7329.0,8352.0,757.0,20493.0,7839.0,47089.0,195929.0,8476.0,21252.0,49818.0,4810.0,12511.0,18507.0,292111.0,159036.0,889.0,9570.0,86670.0,10788.0,1453.0,7907.0,54968.0,7196.0,14964.0,25097.0,11619.0,10420.0,12733.0,10476.0,18236.0,18642.0,6636.0,19614.0,16524.0,16524.0,398.0,83959.0,600.0,24124.0,12435.0,3541.0,5045.0,15643.0,2923.0,3278.0,27305.0,14082.0,5090.0,1731.0,7832.0,28.0,13022.0,1970.0,15295.0,213.0,3593.0,6127.0,7583.0,195.0,22390.0,1955.0,5632.0,34392.0,27784.0,63487.0,11386.0,8971.0,4232.0,43060.0,57350.0,1553.0,6894.0,79024.0,9633.0,13874.0,1982.0,6895.0,12168.0,29285.0,,19367.0,82584.0,4735.0,64129.0,5725.0,2247.0,4941.0,26042.0,690.0,6919.0,19420.0,1150.0,1679.0,15955.0,13737.0,4194.0,14626.0,15790.0,45654.0,8375.0,23223.0,5438.0,238228.0,28720.0,9680.0,11201.0,612.0,12846.0,268.0,35355.0,2969.0,168088.0,673.0,5886.0,12222.0,44538.0,478.0,5744.0,1168.0,16675.0,10589.0,8465.0,14289.0,40479.0,25956.0,23522.0,20642.0,81288.0,14263.0,47702.0,375.0,3804.0,16802.0,70934.0,7133.0,33566.0,16072.0,16072.0,6757.0,29061.0,18520.0,8003.0,169.0,4204.0,,8985.0,13058.0,17108.0,93561.0,1103.0,32137.0,1091.0,3659.0,7672.0,34816.0,2273.0,17455.0,26950.0,97287.0
2022,58054.0,7807.0,43653.0,194.0,17606.0,101556.0,16498.0,4386.0,1026.0,7957.0,19640.0,12617.0,19140.0,29996.0,10193.0,3617.0,9646.0,25785.0,23601.0,26323.0,14334.0,9645.0,4381.0,3713.0,12699.0,12623.0,1710.0,1300.0,303.0,24311.0,9039.0,3792.0,5802.0,26208.0,4884.0,8364.0,18870.0,8275.0,1795.0,10173.0,46159.0,12682.0,12635.0,11536.0,152.0,4321.0,12943.0,24440.0,5376.0,24697.0,6563.0,22989.0,8596.0,9321.0,1261.0,24181.0,3194.0,78494.0,226954.0,8562.0,26492.0,51557.0,5449.0,14853.0,19428.0,322467.0,240985.0,1085.0,10821.0,101197.0,9883.0,2107.0,7844.0,56902.0,9630.0,19228.0,28768.0,,9795.0,14188.0,10580.0,13804.0,25702.0,7263.0,20752.0,17071.0,17071.0,315.0,93512.0,5387.0,26041.0,13744.0,3615.0,5802.0,11565.0,2619.0,3749.0,27281.0,14189.0,6011.0,1919.0,7495.0,33.0,15228.0,1892.0,20297.0,240.0,1318.0,3863.0,11324.0,206.0,22362.0,2362.0,4863.0,35466.0,28496.0,62910.0,12459.0,10419.0,5340.0,48823.0,60530.0,1780.0,7946.0,63054.0,12726.0,14410.0,1796.0,6049.0,14814.0,33478.0,,20862.0,93775.0,5301.0,66019.0,6904.0,2785.0,5420.0,26485.0,1728.0,9212.0,20175.0,1205.0,1981.0,19433.0,14396.0,4718.0,17227.0,23814.0,50451.0,8680.0,23183.0,6821.0,263966.0,31496.0,13127.0,11737.0,,11675.0,288.0,26161.0,4462.0,198270.0,708.0,6226.0,11915.0,46710.0,499.0,6318.0,932.0,26914.0,9459.0,8484.0,14289.0,42440.0,36634.0,28820.0,21680.0,101175.0,17536.0,49611.0,476.0,4324.0,15614.0,56881.0,9155.0,44200.0,12173.0,12173.0,7920.0,32250.0,20762.0,7999.0,213.0,4616.0,,9175.0,16947.0,18449.0,106005.0,1200.0,48550.0,1092.0,3676.0,6488.0,36884.0,2444.0,31877.0,28928.0,100338.0
2023,54318.0,8096.0,40109.0,192.0,19409.0,93935.0,18012.0,5005.0,1149.0,7500.0,18982.0,12668.0,18701.0,27938.0,11132.0,3812.0,10426.0,26517.0,22680.0,28190.0,16096.0,10012.0,5860.0,3698.0,12600.0,12555.0,1752.0,1388.0,344.0,26537.0,8364.0,4234.0,6080.0,32199.0,5184.0,9259.0,19372.0,7849.0,2025.0,9836.0,45006.0,14240.0,14198.0,12277.0,162.0,3931.0,12010.0,24918.0,5868.0,17596.0,10013.0,21996.0,7462.0,8696.0,3435.0,30166.0,3108.0,56141.0,242290.0,9357.0,31352.0,56998.0,4587.0,14657.0,19353.0,357776.0,198931.0,1265.0,11528.0,102301.0,9252.0,2516.0,7684.0,44622.0,10488.0,12745.0,29060.0,,10112.0,15320.0,9210.0,15165.0,24186.0,8188.0,23196.0,9300.0,9300.0,340.0,90155.0,7057.0,28502.0,15474.0,4321.0,4487.0,11752.0,3319.0,3511.0,27116.0,12588.0,5927.0,2299.0,7488.0,30.0,16478.0,1797.0,23018.0,320.0,1400.0,3639.0,10511.0,191.0,24527.0,2434.0,4030.0,36662.0,29135.0,53718.0,12110.0,11165.0,4203.0,55204.0,61860.0,1963.0,8160.0,54228.0,14368.0,14984.0,2174.0,5716.0,12830.0,34702.0,,20761.0,85159.0,5565.0,80682.0,6411.0,3092.0,5464.0,26640.0,1783.0,10496.0,20431.0,1117.0,2154.0,18098.0,15438.0,4982.0,17429.0,26091.0,41107.0,7967.0,25494.0,8439.0,276711.0,36016.0,16164.0,11135.0,,15804.0,304.0,24610.0,5920.0,211915.0,795.0,6064.0,11812.0,51217.0,489.0,6362.0,741.0,26974.0,8133.0,7823.0,14692.0,49954.0,28257.0,35127.0,24428.0,59553.0,13666.0,62109.0,445.0,4696.0,16242.0,53979.0,9024.0,35820.0,13117.0,13117.0,8935.0,35976.0,18837.0,8529.0,233.0,5318.0,88.0,9815.0,15781.0,20498.0,109120.0,1262.0,49936.0,1244.0,3799.0,6461.0,41364.0,2463.0,37281.0,30272.0,90958.0
2024,56334.0,8359.0,41950.0,194.0,21505.0,85530.0,19203.0,5497.0,923.0,7623.0,19721.0,12278.0,18927.0,27251.0,11878.0,3991.0,11735.0,27176.0,25785.0,33424.0,17926.0,10127.0,7003.0,4281.0,12101.0,15223.0,1938.0,1460.0,408.0,23757.0,8756.0,4684.0,6125.0,35898.0,5276.0,10662.0,20178.0,8478.0,2263.0,9676.0,48300.0,16747.0,14086.0,12051.0,163.0,3994.0,11801.0,23568.0,6107.0,17725.0,11337.0,19185.0,7515.0,8643.0,1267.0,32795.0,6564.0,54745.0,254453.0,9636.0,34857.0,53803.0,5004.0,14520.0,19736.0,372809.0,198103.0,1557.0,11245.0,88425.0,9872.0,2762.0,7746.0,42964.0,11390.0,12457.0,30357.0,,10283.0,15741.0,9382.0,17492.0,23698.0,8748.0,24939.0,10601.0,10601.0,341.0,87693.0,7333.0,26415.0,16315.0,4558.0,4246.0,13681.0,4206.0,3569.0,28754.0,13118.0,5273.0,2313.0,7295.0,22.0,17168.0,1736.0,22944.0,384.0,1468.0,3507.0,12896.0,185.0,26535.0,2526.0,4030.0,38498.0,30127.0,53559.0,11921.0,11202.0,3946.0,61096.0,62753.0,2020.0,7430.0,53101.0,16285.0,15405.0,2441.0,6067.0,12087.0,28883.0,,23433.0,88821.0,5074.0,91006.0,6930.0,3266.0,4979.0,25846.0,2037.0,9812.0,20058.0,1043.0,2092.0,17476.0,,5341.0,14905.0,27483.0,40302.0,7828.0,25920.0,7634.0,308951.0,36441.0,17241.0,10837.0,,16621.0,316.0,24575.0,5508.0,245122.0,728.0,7400.0,18682.0,51362.0,464.0,6268.0,674.0,60922.0,7582.0,6990.0,15689.0,52961.0,26725.0,33664.0,24419.0,63627.0,16128.0,75372.0,481.0,5125.0,15845.0,70405.0,9218.0,38962.0,14202.0,14202.0,7568.0,36176.0,19606.0,8179.0,237.0,6127.0,109.0,10336.0,15366.0,22595.0,107412.0,1316.0,54217.0,1287.0,,7094.0,46423.0,2208.0,43978.0,30980.0,91070.0
